Type,Name,Request Count,Failure Count,Median Response Time,Average Response Time,Min Response Time,Max Response Time,Average Content Size,Requests/s,Failures/s,50%,66%,75%,80%,90%,95%,98%,99%,99.9%,99.99%,100%
POST,/query [on-topic],271,1,7400,7465.57219190382,4626.071876999049,12443.349048000528,6992.361623616236,0.7540344617307281,0.002782414987936266,7400,7900,8300,8600,9400,10000,11000,12000,12000,12000,12000
POST,/query [out-of-domain],108,6,1900,2092.888854740792,1533.5334589981358,4960.417043999769,715.1111111111111,0.3005008186971167,0.016694489927617597,2000,2000,2100,2200,2500,3200,4500,4900,5000,5000,5000
,Aggregated,379,7,6600,5934.57007999457,1533.5334589981358,12443.349048000528,5203.593667546174,1.0545352804278447,0.01947690491555386,6600,7500,7800,8200,9000,9800,10000,11000,12000,12000,12000
